addMusicArtist,1588403961185
addMusicArtist,1588403961201
addMusicArtist,1588403961201
addMusicArtist,1588403961201
addMusicArtist,1588403961201
addMusicArtist,1588403961201
findOrCreateMusicArtistByName,1588403961202
addAlbum,1588403961202
findOrCreateMusicArtistByName,1588403961202
addAlbum,1588403961202
findOrCreateMusicArtistByName,1588403961202
addAlbum,1588403961202
findOrCreateMusicArtistByName,1588403961202
addAlbum,1588403961202
findOrCreateMusicArtistByName,1588403961202
addAlbum,1588403961202
findOrCreateMusicArtistByName,1588403961202
addMusicArtist,1588403961202
addAlbum,1588403961202
findOrCreateMusicArtistByName,1588403961202
addAlbum,1588403961202
findOrCreateMusicArtistByName,1588403961202
addAlbum,1588403961202
findOrCreateMusicArtistByName,1588403961203
findOrCreateAlbumByName,1588403961203
addAlbum,1588403961203
addSong,1588403961203
findOrCreateMusicArtistByName,1588403961203
findOrCreateAlbumByName,1588403961203
addAlbum,1588403961203
addSong,1588403961203
findOrCreateMusicArtistByName,1588403961203
findOrCreateAlbumByName,1588403961203
addSong,1588403961204
findOrCreateMusicArtistByName,1588403961204
findOrCreateAlbumByName,1588403961204
addAlbum,1588403961204
addSong,1588403961204
findOrCreateMusicArtistByName,1588403961204
findOrCreateAlbumByName,1588403961204
addSong,1588403961204
findOrCreateMusicArtistByName,1588403961204
findOrCreateAlbumByName,1588403961204
addSong,1588403961204
findOrCreateMusicArtistByName,1588403961204
findOrCreateAlbumByName,1588403961204
addSong,1588403961204
findOrCreateMusicArtistByName,1588403961204
findOrCreateAlbumByName,1588403961204
addSong,1588403961204
findOrCreateMusicArtistByName,1588403961204
findOrCreateAlbumByName,1588403961204
addSong,1588403961204
findOrCreateMusicArtistByName,1588403961204
findOrCreateAlbumByName,1588403961204
addSong,1588403961204
findOrCreatePodcastArtistByName,1588403961205
addPodcastArtist,1588403961205
addPodcast,1588403961205
findOrCreatePodcastArtistByName,1588403961205
addPodcastArtist,1588403961205
addPodcast,1588403961205
findOrCreatePodcastArtistByName,1588403961205
addPodcastArtist,1588403961205
addPodcast,1588403961205
findOrCreatePodcastArtistByName,1588403961205
addPodcast,1588403961205
printSongsFromAlbum,1588403961206
printSongsFromArtist,1588403961210
printAlbumsFromArtist,1588403961210
printPodcastArtists,1588403961215
printArtists,1588403961219
printAlbums,1588403961220
